uuid,assessment_result
7b3797b0-3b7e-41e3-8b28-e2717eb55f8b,0
f0c466b3-7bf2-47e4-9e7f-f8cfc1783764,0
a2d668e9-d876-4bf6-bcb3-0cc32ba20c84,0
0edbea61-da70-44a4-8ee8-3681027944a6,0
1bcee200-1c33-4293-b1e9-5854210d92e8,0
fa744f2f-165b-404e-81ad-7b58cfbecaab,0
7324925d-d84f-4cc6-bf81-0d12240db3e5,0
51eb1491-0d1d-4f87-873c-bafaf73169a4,0
b4415b4a-e611-4956-9d35-02b0bd968e4c,0
ffd4f304-564f-4ed9-9208-a7694aa3b6eb,0
2e10a133-3af5-4f88-bda7-9cac804a7fdb,0
83485749-e84b-4c65-ac13-a463184aa23c,0
e3c140ae-9ad9-4a85-b873-f3ad2c87efe5,0
fb56bd44-3042-4f1d-a74d-9fdb4f98d033,0
39ea9f46-0887-489f-b597-bd8388091b83,0
443685de-2a75-4dbc-beff-c1ec87f89a54,0
f794a86b-d3e0-4e68-a2de-12583029aa4d,0
6525107a-0597-4c91-bdf4-dd385fbea819,0
d2997948-7ef9-41b3-8f00-cc20fe1f2a57,0
d70e3cd5-f0df-4624-8d86-804c21791c5c,0
e94819ee-39b2-4bac-a405-a47fc4651064,0
3450c27d-1ae6-4724-9c27-694a5ce67328,0
ded39385-0aa7-4819-ae00-cae04f5a15e4,0
627da7d2-0e31-4e89-9f39-dee0797c7f92,0
9c8d6c29-0d4c-4f91-be81-71835e812b12,0
2d3eb140-cb24-4870-b04a-3e4c8d886e98,0
0bdfe942-3f47-48ae-9c12-f18dc7b0232c,0
1c579230-156e-4867-a294-536df916e43c,0
9296ef6c-e18a-46f6-a8e1-2a135cdb09ba,0
5750bfc9-d0e7-429e-98ca-8a077345327e,0
eb97b684-09f2-4cbd-959d-1bebe4e69b45,0
53414e47-4bad-4d31-bf9a-2fe2a179c994,0
b98a914b-b615-4013-b219-bf56b5e65c27,0
eb94cda4-3f5d-4f33-8b05-8069ea49ec55,0
8500c364-234c-4b96-8732-168ce1cbd723,0
eb852e80-0c5a-4602-8d34-f57d53b32632,0
c5f89a09-c829-4f98-938b-8c1af95fb394,0
79539749-f19b-4d04-be42-2704cb8c733e,0
2523801c-f655-43c8-b9f0-bceb1989ffec,0
78f41714-23df-4bc6-bf87-980bf76b3ad5,0
0862080e-4229-4261-ac1e-f08979885304,0
21c687c1-d63d-47e6-b2e8-1eecdb9b0d68,0
9a97e0a6-6c1f-4b36-a7a1-5f81c7e25eb7,0
71f5c015-9032-4650-be61-6bbb42ce74e6,0
4e14587e-050c-43c6-b110-04276da6aa19,0
d3d4c09d-5112-4763-97d3-33994f99a96f,0
46f54ecd-fb90-4381-8c5c-16c2df1addf4,0
3e88f017-f465-4de0-9c1f-2a5f0d9040ca,0
c8b2c3b9-fae7-4b6b-861d-1aceb6ab443f,0
004f7fc8-6bdf-48ac-9ece-e11ac6cd591c,0
596dd657-8686-4aff-9e82-266f896a0be5,0
280a7825-c3f7-4e91-a254-0b8ed105e1ec,0
1e5856f1-e5cb-4791-b1b5-515c372bf41d,0
bd7b860b-4f56-4c5b-83de-19414f6137cd,0
bf107304-bd95-4b47-bbcc-4408060767ec,0
5cc3d226-48f2-439b-9022-b115e3dab987,0
897c9da7-f5ec-4255-90a1-dc4e72860a78,0
75c155e8-479f-4810-a008-0b0430260af8,0
3777e943-3a28-44a2-9262-718e6d013a42,0
4bade738-618e-468a-8889-11e2fc81a73b,0
c05968cd-1398-4fae-9a69-c78df5fa3397,0
499f9a7e-1abc-434a-a4ca-912af7bfcf34,0
b9e2b902-144f-4c42-b0e1-16c8672a7310,0
7b5f0b43-b5b3-44b5-be5e-4ee06cce026f,0
4c5edff2-a3cf-4f50-b8c5-9c2828987ed8,0
aa0a214e-ba1f-4a0e-a67d-d6e75c5124d8,0
df1af1c8-45de-4900-bf75-87fe5c99978c,0
f65ce343-f491-4214-b3bb-45db8b209662,0
7068a44e-a453-4f71-8c39-56a221f40171,0
a4f34f6e-2571-4213-b79b-7c02a6eb28e8,0
03afe0fb-5f17-4fac-96e6-0ca02bba6650,0
9fb435b4-f7a9-4382-9c51-ba1d8bb8d64c,0
627fa990-4d4c-4fa9-9490-8f859677ad89,0
6b2bd51b-5ba7-4a2e-997f-94ecc91ab087,0
97a99c29-e11f-44f6-934f-86b33734089f,0
e8464a08-443b-492b-82b9-be630dd07c0d,0
2ec7da2a-297f-4d14-85d4-fac28d22330a,0
114000aa-fb92-43c1-b22a-621477957d7f,0
e7952787-8026-4a9a-92fa-e4c1894b06e4,0
c975a931-fb93-4063-b9c6-9814ba473980,0
6ce3edcb-1337-4436-9cc8-4f19afc2ee91,0
2d6ee46d-d5fd-4b3d-914f-6be4881c3349,0
9023ee22-d62c-4896-a9a9-a5f4fb065468,0
d4289f28-dfbd-43e7-9445-a6299156855c,0
946c9478-f846-4611-9a2d-90275e5c10bd,0
653152e4-365e-4385-aa50-851cb6fad9cb,0
489e0247-be39-47e9-951e-ffd97119e846,0
8357c914-8654-4967-8c17-5f5d5d5ff9ed,0
8d4ac100-511b-47a8-8659-f11b4c0412ab,0
c8810aac-c7a7-4df8-956d-cb02ff132916,0
458c4757-a787-4597-a209-47dbf1d052cb,0
5499d5f6-64f0-4f2a-965c-4334a147160c,0
a67389d8-2456-48b7-839b-a595ce014b86,0
7596315d-ea68-403f-89e4-36d670d6ec50,0
51fc58cd-77bb-4259-a736-4175a1657604,0
84b527e7-e30c-4395-af3f-52537319a64b,0
31e7c3c9-baf3-485e-a025-71b0a93b281d,0
adfd73fa-be46-416f-b7ce-61a29299f7b6,0
2512a649-1374-41a3-acd6-15f9f8163548,0
17812561-d0a8-4394-a125-2c6bfc68d7da,0
0ed159cd-b5c8-438d-a6d8-22150dcbc7e5,0
91053e29-b76f-4541-9717-7056b3ec1f80,0
6239bd7b-aa59-4570-944c-8b9352f19588,0
e18f5f25-3f1c-48f9-be46-e6a33728a2bb,0
b615d13d-9d3b-409d-baa2-b719a9fee534,0
a268603e-489a-4c3f-8d75-4eb341b58117,0
1eb784b0-c695-465e-a045-a58d13a2afe9,0
1bf516f7-67a0-4784-aa76-99ca89f2e57a,0
6f82f371-caf5-4646-9178-747a714e771e,0
6b165f05-9cf8-4589-8768-eaed19902ea7,0
765535d5-3000-4671-9724-eed6ec715832,0
0221955a-d5df-4cf5-8991-d9b4fac2afc6,0
830e8749-2c69-421f-845a-2eae1a1f7a9d,0
69942017-b3b5-4463-984a-a449592947f8,0
80cce8be-3667-4412-918e-d5a6b7e2b964,0
67c90429-e48f-4b66-93f3-30d6ec729c1d,0
d8e9f853-1821-40e9-8cdb-1102eabac681,0
7f8bedec-3486-4566-907b-2385187e27bb,0
7e9b63aa-68d6-4ff1-8558-b573c25a1c44,0
0728f95f-8ee3-4d10-ad7e-d90371f47083,0
5f46e710-2a04-4ec2-a6ff-e8f045ee266c,0
c6bbf830-48ec-4111-9e1f-6740b6fb22d6,0
7d4423b1-f575-40c2-be81-f59dd085f050,0
66c949b9-5a24-4bd6-8ba6-2568e74800b3,0
cd0ca8ad-38f0-47d7-a5a2-d754c898a03a,0
e234a3e4-89ef-4c22-8274-80528978e4fb,0
95ac1bc5-5112-4fe3-b68e-a21a153511f9,0
a1d3afc1-de28-4967-af1c-bcec1d9fe4f8,0
f2cddb4a-53cf-49c1-8155-a003f4a91234,0
6eca9fe3-81dd-45f6-8cdb-ffb1b0f36711,0
1bf6a9c6-6d0d-47e2-ab0c-4c680ed28c64,0
2e2824e4-399f-4ddc-a1f4-1cfd3f8eb690,0
ed778d50-51f9-4747-8d99-059fa9a4e853,0
139ba3af-ec01-4c98-9e7c-f25f0f7006cf,0
d08f96c3-660b-4585-9e8a-064ea1f00a3d,0
22bf3836-5da6-49d4-bef6-499915a6ea80,0
55779c99-967a-4aa3-b72d-f6b8a691e3a7,0
ca33bb13-8c98-4e14-b20d-306975cac3f3,0
be3d1a7b-d1d1-42a4-98bb-cf0ef644040a,0
c7de170e-dabc-4bee-8dc5-ffba2fcd8a5c,0
a938f91b-56d2-451f-827b-c8c7b45766e7,0
f6735343-174f-4ba3-b1d2-317510966759,0
7eef6f7f-ff58-461e-8ae3-632cc563aa17,0
f1c9e558-4a94-4f64-8b56-de9540968e34,0
8eea784b-73b0-40a4-87c8-9f2b19298848,0
efd11898-77d6-4495-944d-d26060018c69,0
d6b39333-312d-4344-a229-1f350e339f46,0
fd62f9a8-491e-418e-a3e7-9bcef526d1b4,0
5f9ea3d8-d213-4703-9ec9-f4a82f8c9032,0
fc65defc-c20b-409f-b1b1-be1a353333cb,0
b63405f6-a3a1-4d60-87dd-9e1a5baf8882,0
82bf7c6b-2cc5-436f-9b09-fae99bfdd528,0
c2e69be3-213d-43d5-a968-b98827a8b0d7,0
4017d5e2-b0ce-418d-a8fb-8655668c68f9,0
c0b313ca-4c5e-490f-942b-595f1af094d5,0
69291847-052e-4b56-9269-155ca9341232,0
4c192b2a-56b2-4408-acb3-87ea005586dd,0
be1eab43-742c-4213-a9e1-7708cf1dfe5d,0
79b7ddf7-e9b8-4034-b35d-7c19cfce3fb2,0
e740565a-9cec-4481-9330-b0645f37d74b,0
e62a42a4-a44b-4b5a-805a-eda7955c1fb9,0
4d6df7f7-c0cb-4493-b6b4-9bb17ff99ed5,0
088c9ef1-3d27-45b7-bb15-b94302d3a33e,0
5af9f212-25db-43a6-8847-6b108e5443d7,0
5e9da58d-3082-4e0a-a4da-b71616ae53dd,0
8cc4888e-e2d1-4b84-ba9f-0b648c787c5d,0
2147c612-54f8-4f3d-bc6f-2e036cc177bf,0
1fb0b943-d4e9-4fcb-9cab-e758f97b05de,0
2436815c-38c0-4c14-ba95-a132690981a5,0
f8720d07-92ab-49ed-8b53-59b4080f9d8a,0
03b56f15-8438-4a76-b3c5-4190be2a32cc,0
1201b4a7-bdd9-4f4b-87ef-2616649debab,0
f78d59eb-526d-49f5-8478-182b76d85413,0
dc2b0db3-f542-46d6-8dcd-f3ccb66275f2,0
4b34c549-6525-42f4-8186-8228d03dfb77,0
cb582715-e319-4d33-83cc-f95f01564681,0
51db3b48-ed11-41d4-a7f8-e49da27b99ff,0
938e1444-d233-49d5-8f23-7bd25bb53f4b,0
af6e2eaa-ada0-459a-8c44-6153f1ae3752,0
be8a8be1-cb83-43c9-9e5c-a78ddc50a722,0
b94ee079-80d8-4559-935f-55955de817be,0
276546ef-67e1-4d34-8c93-b9abdf44286f,0
d3f896e4-1211-4e59-a946-28a4972582f9,0
c2066280-5115-4008-ae2a-638918c2c798,0
1b3793c3-608b-4c97-8119-fb6b746f66b1,0
37148033-6ec0-457f-b031-4b7661e5569b,0
b15e2369-9543-4a17-bed8-accf286e5d4d,0
91f95aa8-d241-4df8-98a5-be04b4b3cb05,0
3b75d4b8-6da4-48b0-aa47-b16da534a252,0
a0447006-5b83-4e20-9ad4-421c985b1db0,0
b99573a3-f20b-4786-955c-446e4d3d305a,0
ebea36e4-fded-45e2-8724-7f3d85ddffeb,0
46ec9935-6e13-4ab0-bb9d-1019a0265b40,0
be441f4a-2409-42df-9ff4-b228d7495bd8,0
15bd4dd4-cd36-40d5-ac18-68347731f74c,0
8ad54e76-e57a-491f-9f56-2297151958f7,0
8f40e279-93c0-4879-a22d-ca5434936bb7,0
14a64175-7771-42ef-9273-b82f27dcb53b,0
ea4323b4-cc67-4b22-b941-42ebae18f8d5,0
644f2bac-2c07-4b59-8aaa-a5e0b126ca4c,0
2a52f215-2b2c-4083-9418-907f98e8e3b1,0
5457454b-4d6e-4daf-a4ab-90405d54a09b,0
be7bd22d-d5a0-4ad9-a897-b7e693f0d2a9,0
55e854f1-ab05-4956-8d25-a751bfecf4d8,0
366a4c46-7bd6-4627-86f0-90e5dd347fcd,0
04ad6df1-424d-4ad1-ae7b-e13f99cb835d,0
184dd5b6-4f72-4e7c-b2f5-23f920581bde,0
a2bef7e2-3616-4d15-82f5-d8b51458154e,0
bd624583-faa8-4b1d-8ef1-293e6f3af73a,0
28caf849-4d02-45e8-89b6-6caf50cfc398,0
61b4db79-8537-4cfd-a866-f17dd0f814ed,0
af916aae-3d5e-4046-9753-66e6a7e55a12,0
1e02447e-a0de-4db9-a707-4d37ff5255e3,0
6de58df6-6dc9-4bbc-9cb5-217d0d60592a,0
0ed11e1e-da1f-4070-94b6-37bb58684e66,0
f0758d89-90e0-413a-a30b-6fbfcb2ae840,0
8c359501-19f5-4632-b565-ea7402cc0fd4,0
47f221b6-aa8b-4c35-88ed-3b10571ec185,0
7c4f7168-5a32-457f-b8f8-e9d4f9dbb1a0,0
5a88109e-0d9f-456c-b197-9e8e349ad2dc,0
846538aa-5ed1-48cb-86ba-03c6b8736972,0
6e6f7cef-7651-49f5-9f84-282a01435a1b,0
c4ee4d4a-87a9-4660-952f-762e36d4b1a1,0
df3a7ad7-6146-4659-9426-d908885556ef,0
21ffab9b-5f68-4c44-aa2d-8fefed098f00,0
2a9ca636-3d29-44fd-89b4-2624952b021e,0
70539af5-1b46-4cad-b6b2-cf439ab44e31,0
e9ad7039-136e-45a2-a3ef-2d5b5cb2c3b5,0
3fe36d71-3257-4187-a625-0db186ef7e9d,0
3ec019b0-59f1-459c-aa08-e550217e2e4f,0
c4ca2852-d3c5-4137-bd78-1a7118382e84,0
46c452f0-bccf-45ae-a3c7-dc2414fccb34,0
03719c83-4a54-42fc-839e-9c9abd97b47a,0
8abc1874-bdab-4405-b327-62739f69b74d,0
cc4413f0-2bb0-4ae7-b2ee-42460826c693,0
f198dfbc-0364-4f92-a37f-65ec593acde6,0
6408a42e-cdae-4a16-aa84-7c99ab97a0ea,0
28810368-9aa6-419d-9fb8-607c93846fa0,0
b4c864cb-0fdf-4190-979a-c4c3df4eb7b5,0
a8c0d489-f822-4dc9-8519-00255ef6901d,0
eafbcb6c-81e0-4338-81b1-9a65c08e5133,0
a73e4ceb-16fe-4ee2-bc5b-c41c4f3f13d9,0
6efdc25d-b51c-46a5-9799-28b8e890d251,0
88a02033-9d93-4553-aec5-0c678d2d34a9,0
c62d3738-47ad-4858-9e76-6246767cda33,0
de43a156-47db-4972-bace-3ea991198255,0
d957e7e9-1fc4-4ca3-9914-cd8875792728,0
07334355-d329-43e1-b8bc-55ed276a74a5,0
8b6622fe-adba-4889-8f11-64471179eaed,0
1dbedb2e-b2eb-433e-ba6b-fb1b5cc83cac,0
b8d46416-d1ca-4fed-be4a-235fbec2193d,0
82c6045f-51f2-4753-9fe8-cca1fc678291,0
3ecb77ff-2f3c-42f1-ba73-02ebce4415dc,0
5db77cc1-d79e-4e04-80fb-9c9452811959,0
0af57429-59fd-4d9d-9f81-6d190b09a4c1,0
6c5fc156-fe7f-4810-a623-d3fa9234ff04,0
5507f949-a8f9-4f7a-ba44-98efb40cdd6a,0
aeccfad6-caf2-49ac-9bbb-3544a69716d5,0
c74e0338-e435-4f98-81a5-efe16b95d67c,0
6cdfdbb6-77f7-4409-947b-8c553258b00e,0
dcb2e36f-5541-4b71-9bc2-a3916868f1c0,0
d051fee0-a4a3-440e-aeb2-3bd4d97a9692,0
7b4c3b45-eda6-4426-86c7-df0ab500e4f9,0
c7ce404c-c3c5-4575-b286-161b44b31786,0
73179738-1088-4618-a2ad-26cbe72bce0b,0
351459b4-1fc0-4b21-871e-95da101a539a,0
89033e10-5730-4377-a48b-b197993e85ba,0
cd8a60b5-dc47-4d24-adfb-8f3cbfe28ee8,0
f6c21e80-ed70-43fd-ac17-18c3900d0046,0
e33b29c3-6be8-4ec2-a889-0e6c2902f08d,0
1c7a0fa7-d2f7-4566-8bd3-e3d49a2262d1,0
b8e4cf10-c1a1-4512-9a60-b8a93c050da4,0
7186ff55-512d-49dc-aa1b-166eb809fe6e,0
9acd2a07-68d1-453a-8a3d-608661fb44e1,0
757f5c8a-58fd-4aef-9ec9-3f8041c6ad83,0
7a2091e2-4bf6-4b96-88c9-4c04caf64072,0
72a5f8bd-5c82-4e94-bba0-f394cecc2fb1,0
56a7db1a-cad3-4218-9e84-3c0457e0893d,0
c49c7d5f-b025-4534-a095-1e60538feae1,0
b2435952-4eb8-4d71-bc88-6409c8f2cfc5,0
0410a7a0-00e3-49b8-922a-6a44a98b1df5,0
7058a091-b80d-469d-a2de-fed26206cde4,0
2dfc6689-9033-4d4a-aca1-e4511cf4e3d3,0
6f765fe8-3ecf-4059-9607-66597859caa1,0
1ec03e7b-e6c1-4cbc-9d46-13398a2acdcf,0
215cafe9-804f-4cdf-a8e0-b13e905edf49,0
e966750c-d1d1-4773-969f-89f2edf639dd,0
542c5552-9884-4e53-ab9d-42f041a275c8,0
654a058f-3c04-4097-9724-b6c473688731,0
e56c4f29-0d2e-4169-8d7c-7b5936fd78c7,0
5b17ad0e-92df-4543-b979-c230f42eaa42,0
3cd55583-5e61-4604-8d2a-c25c5d9363db,0
b21bf4e1-37d2-4df8-aa5a-360ffc04fc83,0
2cf2c5aa-9710-46c8-b286-209ece1e7682,0
9e73917f-c253-44df-81c1-f6b031b72b71,0
d27cf0d5-c601-43da-826e-2240aa7e2388,0
e9f1cf5d-444a-4d44-b8ef-0dbb7091c161,0
7c1f11dc-62d6-47fc-a907-f2ac3d5a693b,0
1e155555-8e18-49af-be0a-bc182b9d8b7b,0
b64799ad-fb37-4ff4-a899-23075bf83a9d,0
c2f52671-c4de-4a2f-a038-fa6726835fad,0
0f122e41-3d20-4ce5-98c6-03d81475a0d0,0
4f157899-b774-4ec9-8069-a0ce8492f949,0
6246ef56-211d-4a01-b3af-8ec1e6e07eea,0
c19f0309-56f0-46b8-9613-c26cba49a413,0
48d23dfb-9cdd-440b-ac80-3ca2ab91c64b,0
4e5b0a60-6f07-4e77-8272-1dc80621f4e4,0
9581c7fa-e3f8-4098-a488-0e3cd9e189f6,0
77c451af-2877-4345-a7f7-366d79411927,0
0cf49243-2fb7-48a2-a363-16c2c4d7547c,0
76953e7b-c6df-47c0-9012-398b8ee070f5,0
3e01de7b-5b63-414e-a90d-870679949031,0
69024cd5-77a7-4bcf-b913-c245bbb8b41d,0
abc3371e-217d-4347-94cc-bb0220abce33,0
e14b0349-5742-4e54-b5be-381b50356406,0
ecfddd6c-1bee-485c-8670-67a4139654c2,0
e575f8ae-ac6b-4537-9f7f-418844abf75d,0
8560ba17-6f66-46c5-83b4-b04aee902137,0
2e832d71-0a72-41da-ad97-d623451fa28e,0
3fb00e69-6207-49e0-81ea-25091e702456,0
7a93b8ff-48ed-4706-85ce-75ad197989c8,0
158e614c-ce69-42de-a78b-017c1a939082,0
b6cae221-6ba3-4b33-bb87-62aac32fb71d,0
ed9f00c8-ba0f-41d8-a4b0-5a03f0e4b255,0
1d88a771-30dc-4bda-8543-c29d6a86f3a9,0
72579745-f051-488c-a575-859910fdb9b4,0
22f05a7f-97e9-4047-bae4-28df6efddfe2,0
d4a0b322-7ce6-4611-95a9-f10f1a951077,0
6267bcbc-56d9-4895-97d6-1354750fda38,0
abb0c52a-fe83-4511-a7ff-122fdff8ae3c,0
6653774a-3d0c-4f76-acfd-5ee5ab6cdf1f,0
b04c448e-9c2c-46f2-88c5-1e94c2bd7e16,0
d2ded87d-92e6-4249-9bca-75c179956ef3,0
491022b5-6e48-4878-a264-059e032c8782,0
29a8c778-6862-45d0-9723-2c80f05d345c,0
8846fa7f-e126-48e7-8d7e-a78e4cd16599,0
f66ed9cc-88d7-418b-b214-f46fc654257f,0
72311acf-2faa-4035-a553-b44ff2f4cf33,0
1f4dd4f6-1fe5-43b3-8abd-2867abcc5997,0
1e144704-8594-4bbf-b756-cd24d7dbfb79,0
9eff215f-a6d1-4e45-903a-a330d25fe486,0
58c52f03-1ffa-46a3-ba01-4f8901796f57,0
2c832788-f72d-44b5-87c4-b3624694c25e,0
b9726e04-ccbc-4ec2-aac8-1b0b7eeec16f,0
af328d96-7518-4d5d-a507-17dc764a6a0d,0
00c18761-0013-47ac-9bc7-a2d650bbddb2,0
99e126d0-52eb-4ade-8093-c64f3090f572,0
6a249309-2642-4396-8699-ce08c0c39498,0
781bb7d3-092b-4074-8ed7-fcbd910be251,0
03c21a0e-210d-4c06-b586-ff36a91668fe,0
a8dd7485-b402-4d82-a3ca-e4c19ec3996b,0
b3e22620-12e8-4e67-b16d-66abd609a206,0
4b615b5e-dd3e-421b-95a0-7f07b96167a3,0
82542d7f-674a-4641-8379-b8e7d990bc3b,0
982c9161-0179-4827-8c08-749fb58e1f22,0
87ef59d6-eb71-44c9-a51e-b54779477980,0
66a16c42-1cfd-496d-b21d-f2d096706c04,0
be355d92-9bb6-41fd-9912-24ec7ae31756,0
70717709-9716-46be-9f07-b329f481f8e3,0
db725dbb-c57d-4c15-a67d-386170170bc9,0
4c46dfbf-41e8-45a0-b201-7ebcb21672c6,0
92d35308-eaa0-4dbb-9098-ed636ddc1e46,0
d299fa94-31ce-4cbc-9e81-ca720fb49c8b,0
4e1fe380-bd66-445b-9392-3dad018ee7a3,0
59398e60-5fed-4c0c-9b16-b9517cc30b19,0
8adb54d1-2b21-4626-bc83-ec4a359a967a,0
2f1532be-d083-4073-a672-e29de822099e,0
ab8e5c74-33fa-4b46-8c63-3180879610d3,0
2bece55c-3975-4192-ac9e-abd70b2e7064,0
28431f34-8fc8-472c-912e-6256b0254e3e,0
e6d887b4-1f5c-437d-b733-e022875a1b3c,0
1042d490-c53f-42a3-b02d-ee9134e81df5,0
f16ef1dc-c80b-427f-9286-874041806a42,0
59d1d5c0-ec68-4f33-ad95-392b66cd04aa,0
a8946684-bc3d-42fa-bbd3-23045f84ad56,0
9323299f-5bf8-4f5c-90a3-29e5036754b6,0
407abc27-6cb4-4f28-b10f-b9f6c6f884d6,0
36faf731-54fd-4199-bdce-63249ee46063,0
9be888fc-ed07-446f-bf4c-68e9ea1e527d,0
fe1511b5-eb96-4ef2-bc7c-6ffad6679b57,0
8102d885-0cc5-48cb-be77-12bf714020c9,0
dd327366-aaa1-4bd3-b992-426f3ff4627a,0
ccdbd7ec-88ad-4632-9e25-de8c7d6b018b,0
6d522fae-7493-4c72-82f2-de3abe62d4fe,0
8039a6ae-e43c-497f-a2e7-9db0d4444854,0
5e9bc7de-69b4-48a0-b3e9-6b09b89d87af,0
bb08c4f7-b7db-4dcc-b367-dc8ed1bde344,0
130b1b0a-7407-4f07-bcf6-50fa35dd80ec,0
506599a6-719d-41fc-8061-1ee5e95f140a,0
0495eb30-5770-4d67-81d3-6331c8f65edf,0
d69c720f-2698-4d1e-a5d9-83651e1b143b,0
ee680f5d-c463-42f1-8814-2f5800b55585,0
fee30fa0-3169-4db4-9da2-8dc599cb1a29,0
59d075d7-c5fd-48b2-b121-73253f5f08a4,0
e1771af4-a065-4955-a297-657ede7d172e,0
747462c8-1295-4a31-890a-81179b693027,0
13213f01-d26d-4605-976a-e14f5fbc72e6,0
1540c30b-99d3-4f6f-8576-2e4b0f9caa7e,0
9403e4e1-9447-4606-b93c-6756d2d1971a,0
9260239c-e7e6-46fe-8ff9-0ab698842388,0
7bbaceb8-5939-4b45-b382-07344ec2a9c8,0
40d3741f-71ba-4b2a-9956-e8bb595575ed,0
dba97b0b-abb6-45bb-85c7-7fed6ad32f77,0
2c128abe-55c6-406e-bb82-64a3cf0a05da,0
9e8dcd92-1f15-4bc6-9b81-984d2027b785,0
5f353234-e0b8-41e9-b41f-cabc36aa563b,0
45c33a84-faba-450f-8a0f-a0122d8b19c2,0
fde03ee8-fd24-427e-8fc5-f240b6a36d75,0
37e58e4c-f683-4f82-ac7a-7aa6e744ae20,0
6eb1f717-2963-461c-ba53-55fb2fc3e0fd,0
b98a24b3-77e9-4704-849f-40eb9b64bc18,0
f9fe0bae-6778-4a7c-9b3e-b569d75f7b93,0
ef56b28e-c4c0-4b3d-bd83-43a09a54a311,0
14827909-b171-46af-841b-e12ce85f8818,0
673c8162-a0b7-4488-8a74-c3b61682e415,0
f1584ea8-160c-4c41-9e58-975b39da4624,0
d1ee6da3-93c8-415e-9eb9-628108497f9b,0
db79151c-b3d0-4a9e-b00d-b17a097316f1,0
20b1fd55-5253-41cc-bb9f-6ab68bc4d403,0
641b3623-923c-4037-b684-da244b5658c2,0
17e03c4e-d653-4ea6-8cbf-46a1a6a216e2,0
56b690d1-e9cd-4a67-ab71-f9f6f485635f,0
6d339f53-70de-490d-9ca3-5a13389bd87c,0
a4012b18-3d3a-4dca-bce6-420becdd2d74,0
0be5a2e7-c980-4577-bc46-364e84cd8139,0
70dc3952-221d-4ca6-a58b-487914448aa8,0
e321471b-fb4e-4b3d-a3e0-5180a335f2c3,0
156a2258-baf0-4c7c-93f6-f548551d02df,0
be28562c-7b53-48ec-8e8d-f0af351b4321,0
1ecf110b-bc7b-4667-84ff-8c71e1489647,0
c1285dc2-258a-4160-aa5c-4b7dde1b6f2f,0
de897abe-4122-4d7c-9b39-60f3bffbc469,0
2c120b04-a0f0-4d1f-9f71-a3666d207b7c,0
5e854b97-f4b9-4111-a022-a8f330e50bbb,0
1bf989f6-9c6a-4957-a50e-3ad220695f9b,0
a421dda5-5764-4da8-8e14-46ac947230dd,0
152448a2-ab77-448a-a291-28e54036dc27,0
a52ac967-af9e-4129-811b-8c7c3fdc225b,0
56b34a8d-5bad-480a-96fc-aec867a86977,0
a0cf34c0-5c33-4d34-8d47-6d46872f43fc,0
551e5e17-c632-453a-a1d6-54a215ece418,0
b737f350-6635-42a0-8178-19665251ace6,0
8c8877e6-dc4c-46a3-a848-e594066cd65f,0
5ca53963-66a8-4a84-beb6-8873c07f450e,0
7281f4dc-3d11-4a17-bba0-f3d767c53830,0
b98c43b8-9f33-4a10-af67-f30e06fdbf46,0
945707c8-6108-43ce-97d6-35587871e364,0
d8df9e7a-aada-46e9-97e9-7936aa0c6ff0,0
abd8d459-c814-4fc2-82c2-1a24c5b4c50f,0
f4ab351c-9a39-4200-a861-a522fe321972,0
baafc2ff-4325-44ae-847e-586d29e7c858,0
842a3c49-4809-4db4-a741-4d6945d070a6,0
d4b343c8-2bd4-4701-8da4-6f7f1d91455b,0
e8e78424-a95b-4856-b264-b450f102015a,0
b357b4c4-523c-4a4e-9d72-749d9652fea7,0
de5b1350-531d-4a22-9a16-e3c801f45333,0
32dc20ab-7a1a-40b2-928e-57ab168b16b6,0
83a874e8-98ef-4167-9a79-dbef5bbd2453,0
7a516e5a-ea26-40ff-a54a-50fcb70e369d,0
ea04010b-fa1b-461e-9b75-e0363ea0e296,0
436eaf30-e370-49e3-8e47-52fa0621b7b1,0
1002ae54-c3de-4e33-97f0-574eae2f46ad,0
dd4ecb80-3ec4-41a8-a97b-4baf16298a22,0
c279c5e3-651b-4295-88b4-2a7bb4eeba64,0
8f698b94-5e36-41a6-be37-974ed0aa90e6,0
d06da7c0-f504-40d8-9dca-94b7bf0ba095,0
f7939093-0018-4c0d-8d59-5459c597a464,0
7e633b8c-5571-476a-9672-7792f52c3afa,0
c002c8c9-10d6-4e26-b36e-1e5e65e26ae8,0
06b8ee99-4e65-4693-850f-6ab23ed0f630,0
6abdd01f-5221-40ee-b6e1-1e0144c67205,0
f9655e26-1ca4-4ceb-92ff-b79a21fa0b7a,0
0416796a-6047-41b9-b4b2-47c7e94be504,0
ffafd1a1-b2fa-42c3-8838-6c9ff14980f7,0
dd0c9e8d-2f4d-47ed-b97e-56ab13f93b36,0
125aba3a-50d9-440b-9d1c-97ac48d8f3ec,0
fe5af989-2fc3-4e9d-a73b-4ce77937afc1,0
d4881f1d-a83b-452d-825e-be5c38915cc0,0
9071aabb-d25b-46a9-a975-64fe2639804c,0
3ed385ae-8e84-4c34-b87c-a85dc5efa149,0
98c577c1-4e69-451c-a49a-646c23c45356,0
d8d12cb2-20a6-40ee-80c7-c9b7f2be4d25,0
9b10c949-ca88-4943-8928-2b6aed8bf5aa,0
5e67ea12-109b-45fe-a4d2-7a18dffb0b98,0
f5df3897-8baa-4d0a-8aaf-e96983d2f39a,0
080ace5e-54b1-42e0-8411-0ab94e0ef665,0
56b5dc63-1a5f-4548-bfdd-95e6c69ce916,0
451a2636-5ef5-47ab-9461-99df73540e09,0
a1b7e15f-cf42-4335-ac7a-d311900ac868,0
574253f1-8025-427d-b524-9432bef7eeba,0
098b2cf6-6043-4b93-aee2-5f8cb54e3958,0
50607348-3f13-4f5c-8051-51932000c326,0
3b4b7579-145f-4d27-8f55-4aa96270a681,0
56c78ba7-b7f4-4630-ab3e-dccfb36f8433,0
e6135dcb-2e9f-4e6e-84ec-26767a2eafeb,0
315feb56-6f98-472f-b4cb-4a41c7b8b366,0
68af7b40-6a88-4f00-bac2-eb72e19bc0e9,0
6ea3ee6e-acf8-4c35-888b-02aae31e9985,0
793eea19-456c-49a3-a5e6-9cf5fd584ede,0
351ebda2-63fe-4c53-a3b7-2d08d0281cd1,0
045658c1-a87e-4228-b487-eab7bdec7df8,0
ef3fec91-1193-42df-80ef-3988db4b1cc4,0
f29cb7af-7cc2-47d0-b18d-5c0bef5e0c40,0
145bbb50-79a1-4c4b-801c-17c7342fb864,0
f4fca914-a193-433a-a2bc-2a0c5e6c0f4e,0
64a46157-9da6-4114-86f1-13ce95c591a8,0
5a61a5cd-126d-4f4a-9196-cfcc167c3734,0
81c3c06a-7dfb-40ba-aa09-aa12f7a2f746,0
74b0c69e-0da1-4e67-8c97-24128fe40569,0
40f9ecda-e7d3-48c4-86ea-24f60fa13aa1,0
3b6f27d9-1aaf-4a43-aab9-201aa3d3b460,0
d37c0779-8808-44cb-b790-cabeec6a140d,0
84959d78-29bc-4493-91b3-5ae23473a903,0
9fe5e802-8a78-4041-8112-42f9975c243b,0
a17c46f1-e5ab-4cb9-89b4-9960fa71bcef,0
821155f6-f66f-49ff-a551-1fa7961a27d0,0
c7bf704f-ab41-46f2-9d3f-56a8619e5160,0
75684602-ce9e-43ed-893e-bb5764b86b59,0
b46d3f05-7133-4e78-b2c4-5bcd793ad685,0
45aa66e5-7711-427d-a057-4dd207a92c19,0
932488a8-e524-4102-bc32-6aa5606b7be8,0
f1675be2-5ab1-47ff-bcaa-9229d0bc0549,0
079e1d10-f3d9-4a30-b7cd-308abe861442,0
85caf0b4-8e76-4f12-974b-129ade0020c6,0
b8a6449e-cb7e-41f4-bded-41ce31975c62,0
b09bf948-d38f-4cf4-a1b1-d7c2a99f4139,0
d0788673-0f4a-49db-b168-c8e3271915f5,0
885e2a16-a691-4f2a-9582-73fe9f1af8ea,0
169c7d06-cbce-4353-bc84-f621044c8f00,0
4f1119c6-2fb3-482f-8765-6de2cdf39c32,0
e045b56a-b8ad-429e-b26a-fa9cd02b4522,0
503eae99-1684-4a83-9e1b-a171803093a1,0
b6c697ec-577b-4a83-bb66-c33a8dfef092,0
1c6674d5-f24b-4b96-ba80-27a89ff50a99,0
865f4050-af54-4dac-86e7-569ee29133a9,0
75ad299c-7d56-41d7-b044-f6d1bf79da0f,0
0598b8fe-efc2-472e-87fe-89af526485a5,0
d6649413-1ffd-4fe5-a01e-50067fb8095f,0
7b68dd42-ac0c-4787-b085-4c076c821ab8,0
23470e63-6cc7-477f-8b32-ad1b48a68251,0
12b0698c-96fd-4713-b236-ee4bb0d4f440,0
664f80eb-cc6c-4701-b55c-a3a2cbf83641,0
cda06047-124e-4b48-8747-d5809f772bc8,0
e71dda39-5752-434e-b175-cfea133490e7,0
52d7de9a-5c18-4257-945e-dc015ffaec95,0
3fd566e3-eacc-48b0-bad1-0a790398880c,0
65a1983c-e37c-45e5-8567-bce775b3021b,0
3c5f7131-2fda-4a91-a6bb-ba1ba7588642,0
b0718e9a-e6fd-4fab-a83c-201c88c3b9a7,0
249ff6b1-6504-4a92-850c-434c61a2e527,0
64d474f9-b196-4176-b958-90936b10b341,0
b7db50d2-7ebe-42ec-a1b4-86cf055cc6c8,0
e7c2bc22-2cc9-4dbb-bab0-6296fbc0f496,0
a4819053-67cf-4082-afc5-c5b41ea3e802,0
29c34bb0-d59e-4869-b749-a91efde29264,0
667b0355-9caf-4337-850e-b284e558a486,0
66550c04-1df4-4ee1-ad87-bd0b6c74f40d,0
24b21b9d-cf5f-4b2f-9c78-c0f083249110,0
21d1464e-e696-48af-88b3-478b78cc92c1,0
cd9f5c42-60cb-4fcd-9198-2f53249de296,0
4a7bc96f-0ceb-4598-98c7-285a17bbfe80,0
cc39e73e-82e1-44aa-97b9-2a8d6738ade6,0
eff21c6e-d97c-4531-a207-f730dfd0b4fe,0
a39fb74d-4151-4295-bdcf-8967e91b37ed,0
046aef3a-3286-49eb-9779-5fe86055e373,0
2f8c2724-83f5-48c0-a33c-6de9daaa2432,0
66c64ba6-62f6-47c2-b403-833f7968fe24,0
bbc12201-a524-4691-9f10-c238e6945d75,0
aca16a1d-85cb-4b17-9667-55af7ec62b2b,0
580121db-048e-4419-8a5b-e6b300822ce4,0
6b83375c-ef38-4eee-92e8-eff39f62e02a,0
08367097-8ced-448b-b0c2-b0df7d0397e6,0
11421717-6b42-4bfc-a117-0db9137826e1,0
ae5322b6-2183-4baa-9945-af779976a0fe,0
418d44b8-42ff-4b15-9f56-f7a1e5c3ca63,0
81bf9b12-3140-4cb1-93ee-03d8883add9f,0
5785174a-17bd-41e2-9824-1ee940840593,0
1a569927-e332-417f-9d7f-144b594579a5,0
183f023a-0a93-43e9-b3d4-bc759d38bc91,0
12e312ed-3dad-4a26-add4-9711feae851e,0
cb6ae543-71d3-4c0a-bce8-df2c1a675573,0
a4c5fa0d-afb5-404e-9d86-6eba89575bc8,0
ce792932-5979-4993-a4a2-357f323b27ca,0
2f5d3412-4cba-4aaa-aad6-b5febfda7870,0
a41a74e1-abe4-4566-b40c-3adfe2be255c,0
6744578d-e7ae-4439-b101-ad841e8154ee,0
ba97f13c-9849-4f00-86af-749231c35147,0
f81a293c-647a-457a-bfec-000f3a2330b9,0
dc990d01-0d6d-48c7-9ad8-2e936d64a8b7,0
92f5ef3e-bbaa-4db4-bae9-61f0eecb0445,0
3435cf57-abdf-4b51-bbe7-c21741a03d48,0
9011cc8a-0074-4deb-9190-d5438488ef57,0
7944ee9d-b623-48ac-8dbe-5099ca6e641b,0
5e86dcd4-2f33-4188-b5fe-f8ffe2c7e975,0
ab47b900-b828-4b09-97ce-8c9316004f5c,0
6ce93429-8d44-41eb-97fc-ffac12ccb237,0
6391c0ce-fd0b-4190-80f3-d0eeb323a815,0
16552b65-dd91-4cae-9738-e016f0631fd9,0
683fb975-d8ac-4c73-a11a-4984020c81f5,0
94e5d067-35e7-4d7f-8524-e8ca18a343e0,0
fd95578c-56e9-4af6-b479-865471df3639,0
23c5559b-dee4-41fb-a162-176a0d141866,0
b469c438-333e-4900-948d-42a3353ad583,0
6aad006d-fe27-4db4-83e8-b34fadcca795,0
b7542ef0-34b9-451f-99ac-8e340ccfdca2,0
64b1b469-6a54-47ab-b59f-3286b1cfeebd,0
3c5338b1-7c69-4707-aa3e-29f70c33b5a0,0
5afbe3a4-b363-4a80-8b6c-c3ff5ddaf510,0
c31c0122-f5fa-4b85-873f-2a2e8a1bbb58,0
63e10d60-c134-41e4-94f7-6a47e9087ace,0
3d7a906e-c022-4b20-b98e-33d468a2206b,0
d8b26c5f-8b10-47c5-92d5-5c2fd039d66b,0
2b18a6b7-f83e-4140-bc93-2f70d857246a,0
4da7be80-5377-467f-b462-9c58d4d05f0d,0
9562a558-955a-4fc4-b619-60f0cd5806fc,0
6a106998-bf35-4557-a364-a87dd8261f7f,0
8a5c7fbe-7aa5-404e-9548-6df9029ad503,0
2ccb4d29-995d-49d8-b21a-a844bf201003,0
3b50cc59-3c6a-48e2-8b6b-cd1d3653fe1f,0
8b7b7f01-2a18-4075-968a-42932b944bd9,0
b94769f1-dd16-40c6-b75c-01152f4c73a1,0
951dcdd6-e899-46da-9866-65a69942b114,0
8c63d0d4-a246-4219-add7-3090a66adec8,0
c9eb4af2-f7a8-4bb8-af81-2b734743ee20,0
b1617ccf-f680-45dd-ab88-2258a83fd3be,0
88d55bc0-633a-4841-9654-ba779e914a78,0
78ebc3be-0b76-4e87-983b-65256d647c98,0
9e2e6a6e-3868-43f6-b42e-1ef458e6440a,0
d06329e5-a6fe-45c9-8b21-d026a0dd2ec0,0
7d13f9d3-c96b-4b73-9f1e-0ed7ae998681,0
3fea3885-ffd3-4bc8-9a69-748bbcc15588,0
67816d99-f824-4ea6-98fe-65a764bb0ae7,0
f3401d0a-71ad-46be-8011-ec112d1f0d27,0
b5084c38-0fa7-4a2d-be2d-319c0611c52e,0
7b7df957-72ca-443f-a84e-59098acf7f08,0
282894cc-a694-478c-8fac-ceafec37ecb7,0
4e26d8eb-5647-4968-835c-62d9598bcbb0,0
dd43dfe5-0e1d-4a14-887f-ba49ae4c8da5,0
5d2f71e6-df46-47fa-bcfd-1b37ad3d265e,0
bae33c58-8896-4750-8808-e4b242d6a98c,0
e792b62a-0e4c-4630-a1b5-08ab0cdc0446,0
63586f63-b706-4ac1-81e0-b4c2a00dac24,0
ef748ba9-1daf-41ae-bee8-0c3c210e856d,0
7e9c1fe6-61e1-4590-a97c-846acce71d11,0
dc08b018-b442-43cd-9539-ddf9d73aa892,0
7e150d07-d8f6-4e6c-bccc-9d1f605c7b76,0
5d47b5ef-4d19-4f3f-b152-e97bf1985335,0
7cf91b97-1df0-4ea2-8629-580e08d73d6b,0
cc5fdb5d-a93a-4327-ac54-1c3dd90683f7,0
f174361f-7cc7-4463-bc50-a50f62dfd8b4,0
604be144-d7bb-4cf3-a749-f8edcfc32d6f,0
482ce9cf-358b-4c63-83c0-a882ec7085f8,0
5c8622ab-7911-4ff8-987d-906c21fdb563,0
5583aa92-6f1f-4ee0-a9f3-180a6cec1116,0
5eb41448-69d8-4708-ad9d-6b21c28ca5b3,0
ec717754-5a6d-4103-98d8-a1b04aa01337,0
d667712e-b5d2-4079-a979-532b627171a4,0
9f753da8-ff66-49ec-8c14-fca78289b2fc,0
c9469ca7-619e-429d-a9db-fe83ae90df71,0
f6e875be-ecd8-425c-850f-310adefad3f4,0
995c847d-6e41-456d-be50-8f60749fb30e,0
1c54bd4e-faee-4a51-8926-f65bda8b2c79,0
77571a22-03cc-4c04-a815-161097828255,0
86dd9ebd-970c-4b4b-9978-8b4c733e667b,0
e4175b7d-b785-4a00-a0c2-e9c5b65ae12d,0
cdf32017-7500-456c-913d-a81b262794c0,0
52a544da-199e-41bd-9380-7cc4fffe6fb5,0
9e9bac5a-d8f6-4aea-b5ea-a7419b2b9fc5,0
e254c428-abea-4018-88b7-457ba5383a38,0
0c78b823-4270-4612-99ff-af6d2b05c273,0
86fdbc68-73b3-4838-bbc2-00812671db40,0
e0287d37-87ed-4f2f-9f56-6c53435f894d,0
fc71d879-d42c-47f7-bc74-b3e60866e21c,0
e767d6d1-3d0b-497c-9e33-f258f64bbe72,0
0e5d5b2a-da27-4a9b-8227-225bceee1bd6,0
f10f2ba9-4e66-4fb9-8101-be27a93d4722,0
af9beffe-1327-478b-b2f2-f8622c5a4e79,0
406eeb42-33ed-40cb-ad54-f53859637aba,0
3b24e983-29fb-4b43-b939-7d7ce32e291e,0
00b274cb-e34f-4b51-a496-4da504a66a04,0
2cd19061-c0e9-4c28-b083-a5b9ef2d3c6d,0
4b6e9a0f-3bb8-4f8c-b9d7-ac4fd4078fd4,0
cc5ef0f0-109b-40ba-9d95-53b14b0f44cf,0
ba950d0b-d05c-476b-9f88-5896f985ce18,0
57ed81f9-13e3-47d2-8752-a4cc2893b901,0
af6c2b20-0918-47af-96af-4ba709409755,0
9ba1c6b0-8f00-47f2-a7d5-d9a33a92b7a4,0
0979cbff-b671-47dc-b1ce-aad9a5e655d0,0
c4eead7f-c09c-41bf-bf59-88afcbe09d21,0
5624f58e-6f92-4d4a-94bf-aff880470c19,0
0dd7bd4b-9425-4d0c-b467-8299d7c28af7,0
ba1e7d87-b4f7-4dcb-9bbe-3684b04c9d26,0
84a1a777-ce5a-4ad3-94f3-11952e5b219c,0
3f4f9cee-c134-4635-bca8-c57078b84ebb,0
f3b96e93-7b71-40a5-8c81-0dd316817340,0
7b44a402-2af9-4630-934d-bd8fbcfd59d8,0
7f0a0f0d-6bf3-4008-8767-ab87c5ba6a51,0
42490fe2-7b8b-476a-873d-d716ce2618b5,0
f67736ff-d5e1-445a-8801-b19011c5fb8a,0
0988c47f-16fd-433f-9c3a-60b8c8ef6b3e,0
55674607-a0c3-4b16-94ae-90c37f1e430c,0
e4010322-9565-4faa-b00f-af1f2f8810f0,0
f239a9ba-ec52-4984-83e1-cab864a64d9a,0
627249c7-e15f-44ec-918e-06eeb0913272,0
7df95996-aead-4944-860c-d266f407fabf,0
b7b5e67a-4e9b-4861-af21-fcc23cec60b6,0
50b35ee2-0df8-4bac-a0eb-868751291bd3,0
8c09be32-5947-45c7-b3d4-ce0a1152b40d,0
d4434584-4d70-4bd5-b3b4-76a2bbd88d98,0
e6038896-72ce-4f66-870a-2a89e4039f4d,0
754d252a-540a-4183-a24a-0d1e8bee3955,0
1a6801f4-2572-47b6-9d6a-d68f97bdebd9,0
b555ef2a-854f-4f2d-9b5c-7ffd03e12deb,0
0d1ae506-095c-4881-a059-62dd731fc843,0
cac19e25-bd94-4739-a33c-ef9819f03110,0
adfc35e9-36d1-426f-b13e-8ed3ac1780c8,0
42aff5e6-8cab-4e3e-9d98-21cdde694c08,0
6b8f8519-d0f7-4b03-920b-042b047a212e,0
16a7ecca-e9d5-4bc7-a20c-0a0485f958d7,0
f639a461-8e75-407b-9213-fee36c677b9d,0
dc488173-363c-440e-9ac8-8d7ad242935a,0
84e98aac-84da-4f60-8307-816837dfa193,0
f9be0dc1-6bd1-4fbd-bc2d-b6a554b8b994,0
af6b85ab-add4-4d46-b50b-b87a8730b7e0,0
ec1e773e-91d4-41b2-b906-f3d4364780f6,0
8fdfdf69-9ef3-433c-8edc-f9d81cb81738,0
5b9f4301-eeae-41eb-8ecd-5153e16fba31,0
a8484288-a31d-4270-87c9-5cdeb4f6bbf4,0
8046fa65-94c3-4d2e-99d5-d92bbf199c0a,0
9fd38be3-c17d-464c-9cbf-e33aefaa00a4,0
8ec011a4-3a71-4672-b9ea-4755fac37dc3,0
704a8768-60a4-4809-8ad3-c3941300f196,0
f416d1ce-18a1-4229-abc5-dd88667ac3e0,0
092695cb-c78d-4ec0-8af2-4ec545a85653,0
623ac5de-5273-4a30-93bd-90a8642dd2ab,0
d05c25c5-787a-4d0f-bed6-f4621967a181,0
70538ff0-3ea4-4561-bc27-9d03f0ba2faf,0
4e53c106-e759-4ddb-ab2b-77190140d593,0
b34e31ea-a638-42cb-8ef4-4dc88ef252a5,0
8a1522a6-d917-4257-86a2-b7c1df55e1de,0
58676168-4024-4193-8256-5b1183a4ea5b,0
6e30eb4d-0025-425a-b086-f55139264f41,0
63dd36b7-57b4-417a-8fa8-4a27228e2a7a,0
4d30cb47-f856-470c-8bed-22c6375995d5,0
05fc5260-e752-4c23-96c2-8c645ecd2064,0
38567af9-48f1-47f9-b02c-52d047bdd1d8,0
b62574f4-e619-4b80-9877-453d7db10720,0
b0fc57c3-a901-4e35-a34b-273e3d8fafaf,0
3b44a829-22d7-4375-8b8b-dd9ff7b41a88,0
2132f300-7196-4150-9b63-0ecd1ef2e7ca,0
52d5cbea-61f1-4a00-ac9b-cf0148b22d31,0
b25d9771-b3f2-45e3-99e1-360da61edeac,0
0c1d43e1-2f11-493a-87cd-0e9a046a895a,0
96cccd98-4412-44df-a8dd-bffbd7900111,0
bb6e9364-b989-429e-9ab6-cdb28a48a66b,0
2d72ec77-63ec-47c9-979a-7da4971a6cc3,0
51580679-259a-484e-a4ac-c38b44f7f3d1,0
0e1769d3-64b5-47d3-ac4e-dba8520312d9,0
42452570-8ed5-4671-b00b-854c98850853,0
69645479-ac6e-49a8-a05f-a95c82e60ff9,0
95de2c72-a709-4123-8f0c-ad77e21c4fff,0
670536d9-3748-4c59-bea0-563c4edb8fd8,0
65473d98-3df9-4445-9674-9553adda85fb,0
b22c71d0-d2ed-4aa4-a968-fee0621e8c51,0
055ebd67-de7a-415e-af07-2538bcd6aeea,0
a63d211b-4e3f-4131-b296-7cb2e59985c6,0
7f9d690a-934d-4d58-9b49-65585f30fe3e,0
8182439d-2a4a-42d3-8531-e2c34b702de1,0
a861fe6e-0aca-4f58-aa7a-e4acba55a67a,0
f217a3e7-0207-49e7-b11a-8a09b7e9b5aa,0
4c7dfca8-28e4-42d1-80a7-f041a036dc11,0
0e1c7df2-c9d3-4cb6-869c-4bb8c8b49724,0
df0f83e2-2fe4-4e8c-bcf6-7659ecdfc47e,0
e02dd5f7-79bf-45c0-a5a4-1c592d9fc2e2,0
200b7521-2284-4ec2-9e62-63ed9dccde71,0
9745c6d7-d980-46a4-a74c-ed511682669d,0
2117b6e0-60ec-4b6a-bbf6-213387c033c6,0
7ac65abd-ad84-40a8-915a-8548ee4f4571,0
7adef6bf-d8e0-4207-81d5-65a16912b68f,0
f201f462-e782-45e0-b213-055f91f7b88c,0
6741a0a3-b096-4396-b549-6068baaa56e4,0
1317fd1a-5a75-49e5-86eb-bea96cab42d2,0
67e63a62-63c1-4527-ac49-01b26fe2a746,0
68a22acc-1838-4d5b-baf5-6296794d6e12,0
1ea922fa-3aec-4928-abc0-dbf4bcaa3e46,0
c8d256fe-3a44-4371-94ad-eaa285f284f4,0
ac834388-bab3-4be5-ba36-df8df516bf57,0
b06b704e-5b69-43a4-bce5-7d19e139f013,0
902109ae-81d9-4a1c-a0c8-40b188cc21bf,0
b51d0fe6-870c-47f4-ac40-ec5d4a0c702c,0
5049cb0f-8b1c-402b-ad64-1722776e39bc,0
1d80447e-ac71-48eb-9c94-190f4f389e09,0
18809e3b-b1fd-45e5-a183-2ecccc5103f0,0
28e73914-5ef0-4c72-90c8-58e9637d3d08,0
58101c9c-e7b6-4a25-bd0c-48cf6adaa3ef,0
1d2dcb12-4046-4924-a782-36e70f4ac9a5,0
903e10f0-71ac-4571-b3f2-05e8d547d2ea,0
e34dd569-2f52-4b89-8386-fec43e7e39e8,0
69779b1c-0843-4d44-86ba-77f8ca1f8b36,0
c4323e88-9b51-43e3-b448-118176b73d40,0
0064849d-4a6a-4067-86d0-a45fe7201ea6,0
33ce24b9-4545-4c59-85b5-4e691f1a0c4b,0
bb7c7bf0-3203-4b8f-b08b-f0658afb51bb,0
b2e0b44e-fdcc-48bd-9677-d5d69c652d0d,0
a2e26996-12ce-4b03-81e3-0a8ed7d0fcd0,0
78cb8296-a29e-4f52-ba3b-3be361f4de31,0
eb55defe-7c53-428a-b992-d4d5060db933,0
9effe4a2-81bc-4e29-abef-464969247b9a,0
7f46c227-6276-445d-8749-8e38de5246a5,0
82cf834f-668f-4253-8d79-d5e7d054a2a6,0
33a6d59a-33e8-4f3b-8e72-acc849ce741e,0
319ff430-c8ba-4fe8-9a31-b22388afbed4,0
9792c68c-f444-4da4-b75d-0a4c6e8a7ce1,0
934ea8fa-f398-40d2-8697-ffe1bd01096d,0
83def635-4593-4cb6-8973-271e6125ed82,0
7b22c1cd-880d-4924-b824-09bcb2663074,0
89aa43e5-d15a-45ed-a8ba-75e0e2c2cb03,0
1a275730-558b-42a9-a932-327e923bcbab,0
c27ef372-23b7-4ca8-907e-def958ffa6f6,0
a6638d98-0b7a-4882-80f0-68ee88b95b82,0
254a53c2-f51b-487e-b237-f409609328e1,0
379da1d6-4184-4b08-8c31-a13e939fbf34,0
6fe67cc8-510e-4ccd-948a-9cb2f274e130,0
494162ff-f8b3-404f-80e9-22806ef0c325,0
d4b730f2-caee-41c4-8701-d31caf7b4fb5,0
db47e45d-529a-4a63-bca2-59474c043bb5,0
2fed26cc-48e8-4d69-aace-ea822e4ffc75,0
170c50ba-1dae-48f6-9fd6-e063ceb83ffa,0
3a5daf67-1c21-4568-a5c1-f071c8abd0de,0
0a4eb50f-36ca-42c4-a173-17b3d29b409a,0
f6ad0b0d-6ad6-437b-b309-b029f017be07,0
276fff70-b7bc-429e-9687-e0964959e0c9,0
ebe1b530-6a67-4bda-985e-ccbdb9b97f74,0
5d655954-e46e-4430-90f1-14c0234c343f,0
52f59344-3a6e-40ef-96a8-67102a8fb9fa,0
71583b9c-b1c7-48bc-8f8a-01f99e053df2,0
21b2730e-6a2a-4237-aea2-dc358be4f17a,0
8cfc2db4-b20b-4516-ab92-05ac1853ab7a,0
0160b330-cb87-4c94-9081-2ef37573a558,0
945f8313-61e6-4f3e-b0ff-c30712118c19,0
dc9f04fb-d7a9-406b-aca0-aed6beee3dfe,0
43ff8073-fe76-4242-bdfd-02e3828d00cd,0
d0ed48f0-617d-4bff-acc9-4243a3f57448,0
32bae120-7ce3-48e1-9569-2029c026e215,0
452bbd0c-2b89-4665-941d-e0e373247ef8,0
78dbadaf-55b3-438d-87e6-78f2662a69f7,0
87d4e02d-78a5-4f22-8f0c-f166bbb73a22,0
42934905-f36e-4ba5-92b7-c18c9e1ff5af,0
a1a2446e-2ce6-4b53-a925-60684ceb8ad4,0
6c47d44c-5ba9-4365-8420-1b45454d41ff,0
a4caff9a-7625-4415-8131-cce76c5b1e18,0
938bd8bf-5319-4912-8401-dd9c9746bd2d,0
cc3b9ff7-61aa-43ad-9ce3-85eea0caa2bf,0
92cf4941-e56b-4016-a695-5d216898fee6,0
93be91d3-4c73-451b-bb02-6ae8e3765985,0
c67df8cc-8fae-4964-9b21-cc1ca16b7b25,0
8d36c5b3-5347-4c68-a9fe-d4a2bfbeb750,0
0fc167a6-3f45-4a72-aeec-d0a9e4ecf6ef,0
6c3404ce-4b2b-46da-a036-4961790adcf1,0
935ed79b-ed9e-491a-8a96-63306e617ddd,0
48d229a6-b7d0-4be3-972a-9355a74599c3,0
145589cf-2e6d-41a0-bce9-77e86ad1a3bc,0
b38993ba-f5e6-419f-8424-60dad5ef925a,0
53190f1e-dcb2-4fc0-b46e-3246c7125030,0
50c57265-b224-498b-9fa1-a5c6dfefad53,0
f3856c04-d3f8-4533-bec2-6a20259735a1,0
825deae9-3439-42f0-ae74-1ad992949a10,0
c613a8bf-9d4f-45a6-b270-12894ff41abb,0
9969a045-1e40-428a-a437-679b15295a71,0
3f676d6e-e71f-478d-b0a9-24d8503ad3d0,0
79af7a6c-72e1-4339-8497-eafe19d07276,0
e1c29d63-2c97-4f2e-8deb-e74c2d491503,0
3de6c5e9-7f9e-4a9c-a8f6-728fa68ec1a4,0
3f25bc4b-f8b8-412f-81f4-bbc3ceff3bcc,0
a21d3335-ae72-4232-8659-274ec3beb327,0
6b3ee05c-8fe0-4a34-9973-3546265649ab,0
f6af995b-4264-40d8-b286-340fbf99ba0e,0
fbceb6a2-49b4-43d0-9bf0-f9d481628636,0
d309118e-be3a-4a1f-8038-5cfbaeca7e75,0
b7b918c5-ad62-4437-ae4f-e125548239ec,0
09475dbb-b115-4dd2-986c-69c0c9c77622,0
70ec056e-f193-48bc-8933-ea2814009f47,0
c877134e-0be8-4411-9716-6150a2af2898,0
de6e7b5c-7a1d-4132-801c-8ae52652ad47,0
2dc8f48f-2315-4bce-9c12-36ae6134bba4,0
23fe2b7a-0834-4a94-960b-75d0482124c9,0
462ab738-d028-4299-8c87-1f2493e43c9b,0
29c8ec42-0a42-44e8-8286-c0fa51893774,0
8e4653c7-6314-41fa-8bd0-779a5aaca4ba,0
3f563fd6-d471-4070-8603-402c96ae135a,0
c22ea747-d8d5-49f7-b101-2910c28b0fae,0
9c779ef1-9425-48f1-a3d3-40c6129a51a0,0
b49eb76b-0235-4510-a8a6-0f19c7c88d61,0
4ead4109-5e76-41f5-96cb-6863a44ee8ac,0
94cc0396-0d66-47aa-893c-7b6423c24a62,0
4774f278-9afe-46aa-b9d8-7d5e0c9c1d3c,0
f7997a23-4ac2-4cdc-9b34-723401c70871,0
b0cdbf81-82ee-43f3-8cba-d9fb697096ac,0
a014ada6-4f52-4308-bbc8-e726df850e66,0
8b69faed-c3b6-4672-a917-05e417cc6bc7,0
7fa623f9-f42c-4315-bd9b-79de1e9083e8,0
31fdd087-7fa3-4377-b35b-7f090acc8880,0
e3f49a52-1580-4370-9c9d-3bb53991421a,0
bc8c0707-1ff3-4584-b784-6e4536fcc2a1,0
c4776879-2f6d-430e-88da-0bd822785e0f,0
f247a920-f6af-4ea2-a760-7f31e34e1f86,0
2caded1c-432f-42ae-9726-7aa155b0c163,0
cd1ff6ec-292a-468a-ba49-ad60afa15385,0
a1a0b5c3-deb9-44b4-b727-7da3853cbf1e,0
46469131-afbb-4095-beec-1dde566349e5,0
a3739cb4-56d6-4420-ae35-ce0a099cd602,0
60568402-941b-4122-a8bf-323606487361,0
e5e1baeb-0ed7-4384-a8a5-2d9ddf87152b,0
c59c0ffc-cbae-4268-ac32-636ba0ef83a5,0
34d7f9d4-dea1-49af-9ef6-d77cabc213a1,0
33e62e55-55d0-47d2-9797-534eae00d1ae,0
7487cb1d-96b3-4ca9-95a9-a2e7704e7df0,0
12f4e805-c394-4717-a5e2-054602f38c63,0
3220706d-768f-48d5-b9ab-0b64bc856b37,0
333afb01-b00c-4780-b5e5-b74a77be93ed,0
cb12acc9-387e-41d5-afb4-15c640a7bd3e,0
38c6fbf1-f9e3-43dd-9f92-e1e520182700,0
b1917df3-acc5-41db-af17-4bffdc333cf1,0
afc211aa-7c8d-48e9-9058-7e11dac1bf78,0
8163ef1a-ae72-4b61-98d7-032e49c10233,0
b5250760-29d3-4545-8927-0c3e07725169,0
f1096649-a36d-479d-8cf4-d0d3c365f721,0
40f43a75-a512-4c11-8b3c-6cf056e5c57c,0
54fd5640-6715-4822-a0c8-b18291e581d8,0
d8a3e4b5-a4d9-482c-8eeb-6a109be45b89,0
37c3ec17-0d9a-494a-b3cd-9343a8201523,0
4461ba70-5e0d-4497-bc4a-abdd7e81ed48,0
af810689-0d44-45bf-9516-9835f6d3c9c2,0
c656c173-f3a3-49c2-ad66-2c5bb6de6556,0
5e9cbceb-716d-489e-896c-b41910cbc710,0
ddf740c7-d9a4-4e8b-a988-fe520ccee0c3,0
ac551c4b-172a-4307-adb5-a7cb49613000,0
7c836c31-4650-4b4a-8177-cb012dad9b4d,0
8fef9744-d8cf-4cbd-b45f-dcbfa53a70e4,0
58d85e9f-b2d5-4832-9256-94914f9feae1,0
9a67abc7-6595-42e3-ab83-61c6378d41c6,0
b06e0d65-68af-4366-8640-bc26d0120a87,0
30d600cd-7e76-403e-91b5-aeabc5f8e112,0
cf357a0c-ce05-4f6f-86f9-40d8b6debf54,0
a930c978-54d2-4e13-9396-319cb636da15,0
3845581c-41a5-4fb8-8f81-439395250b6a,0
cb823bfc-8869-40c0-8f43-9fe703073c84,0
d9f4a720-9e45-4bed-ad94-e84bfb711629,0
4290c7d7-fe20-4623-b569-420c7c8050db,0
919a067a-9d9d-43e1-b2f2-3414a9ff19f6,0
ca93d01e-8489-435b-869f-6a4283014de0,0
67f9588b-455f-4a6a-90c7-a86bd38d9d2f,0
cca3803c-2270-41e2-925b-97d640fe1dd7,0
570395cc-48ab-443a-950f-6c938fb18634,0
ec5f4010-ded9-4282-baee-8b0600a81d4c,0
3f131cdd-90f2-4392-a083-414618d90a69,0
3775a9df-e38c-4603-9906-b8e870a8de0a,0
9e017265-ef1b-4314-a3dd-6a023562b0e3,0
2ca130d3-3f89-4925-8cf2-6c37c4506ef0,0
9113a2ba-d4c1-4cbc-be30-ecd6d3d222a3,0
c37f0b18-da79-47d5-9d53-aeb9ceb9615b,0
fe34e7a8-a7fe-46b7-b3e0-d7098c2ebac5,0
c717a1e7-c4ac-4375-b812-d1330c0ef009,0
5be5e4cc-e9ea-4a34-b34c-5dce497b761c,0
c40d5bdd-4f35-4939-9920-ac20eac1285d,0
69ab219b-e683-451e-827c-4d450f0a2b39,0
0b5b6cff-dcce-4b86-a862-52ea42523515,0
34bc23e7-44bb-4170-8b8a-a6dcc379bebb,0
522f98fe-451a-4366-9da1-7c25bbcf7782,0
a2324e58-ef20-40ef-9262-b4d92259da83,0
cc8423b5-7194-43f4-a05a-a024072183f1,0
dbe3039c-2da5-4cd5-b464-4cc24b071fb3,0
d8f7a9dd-1173-4197-bd10-84432e72c63b,0
cc4f09f2-55d8-48aa-a8fa-a53739d9624d,0
8cc2496f-f95b-43e4-83de-68cdb2052fb6,0
67ab0f6e-91bf-4297-8665-31f422594297,0
5b91eb99-7d44-4753-b3b7-7d8a51569770,0
8c16b8c7-b6c1-4ba8-a0f5-2ea6c7819122,0
09eaa73c-c21a-4a4e-bee2-970fccf5607c,0
03b1f28c-db36-4a9d-a4aa-9fe135cf5b94,0
93761ddf-8c04-412d-b051-a091c9681a7b,0
0f59445c-142f-45d9-949a-7cd7b197187a,0
1edb3a47-7a33-4f45-9c92-34c994dae1a0,0
017fd949-2f5f-4061-bfe2-cb43a30a172d,0
8c3dcdd7-7317-466d-a428-fc8ee3011257,0
6f184b59-b578-444c-92fa-83bf15d9dc16,0
b93f9cca-78dd-477c-8fdc-20a194e45198,0
3e0c01f9-2516-4b20-adfa-902d5405bc9f,0
2dc1da03-94ed-475c-b8aa-9506b8536f38,0
a08232a6-e6ed-4842-b7b6-56a03d2955d5,0
6be698ff-a349-49d1-96ed-d3b4ca986d73,0
832b952c-2453-490f-90f5-46cdee8f337f,0
2109d72f-c228-4882-beea-59ddb383ff2e,0
722c163e-d196-4227-9854-71e63441d21f,0
c720ac6f-9393-4232-9233-2ee9ce79ed03,0
3e3bcc29-874c-4695-bd5f-7d7fde84e7a3,0
a7e627d7-0911-488c-81a1-cca2330f056e,0
2a591dad-760c-4285-be76-c96e53ff9081,0
a7e47900-68dc-4b6b-81c0-e6e63116f4d8,0
b82f5e67-1b91-4f68-b7e0-e40fdb70b813,0
3ac44932-6554-47e4-a126-2809c4102f6d,0
f86049fe-3cd5-4224-bd8f-e4c79183fbdd,0
3501f039-d3a8-4e25-9e38-7a84804d8a32,0
090b075f-2045-4877-81c2-da5321d4f3d4,0
15d77583-01f8-4919-bad4-098183fd23da,0
6881761a-fb65-4629-89ae-6a975d72f48b,0
9e6aeff0-cdb7-4481-bd22-8e5305bb5cb5,0
fc27fa63-52bd-4098-b7f3-3212fbbcd560,0
9490afe3-7b1c-4239-9195-8e50a75a2dcc,0
ad18cf8c-1d5b-4b50-8fc8-26be3e67deb1,0
73ee453a-0ef5-4f9c-848a-d5f3cb6ee07e,0
47b16d7e-a00a-4c87-9957-e4cd7c235940,0
1ed22915-7dab-4467-9f8a-b35f24896641,0
8915da6b-066d-443b-bb40-8430440c69f5,0
67926dcf-557e-4c14-8ba2-abc1a4532558,0
17be5330-fd1c-4dbc-bda8-bca9d90b05bd,0
cfb7b7aa-308e-4725-b1c5-78de1a17b778,0
0359d905-68ca-4324-ad14-8340d33e9697,0
d5050585-0889-4e82-9d0a-762fb9dfe652,0
251d9738-dfbd-4ce1-a5fd-654298e1e176,0
c79de70c-0fdb-4e9c-a60c-ebab3569bc88,0
921d22a1-4948-4606-ab2f-c2d01e076e18,0
346f8839-9b4a-4569-9614-5ca69df4ef41,0
0b1d27dd-dc8a-4c53-be4f-b25a026b54ed,0
5c426775-c37a-4120-b0f3-56846c2643f4,0
b5ed8a69-bd7f-4cf7-8698-cc97cef963a2,0
67daa2cd-248b-432d-8588-8eea10bee4d9,0
33c382b9-bab2-435c-9d37-79038662bf95,0
b3844538-e865-4161-ad11-e887794b4fce,0
153160bd-2baf-4874-9392-ac16f1590165,0
d899d910-e9df-4989-aba6-f47a0a42db0e,0
e654b8cb-679f-4f92-9eb0-c512df6468d4,0
d133267c-4b7a-4398-8fd1-c1077c605870,0
e1e51a5f-5134-48d7-936e-ab71073c7ad2,0
db18735d-6442-4f24-b2ab-a1c2e3051d60,0
c80288f3-4782-45fe-9419-cd9b1bd0bb81,0
dc4f9d14-b9ac-4e40-942a-59b6101597c2,0
28ad92b0-d25f-4ad7-9996-b10b9dc4cef1,0
4f027a5b-e6cb-47cd-ac7d-88c7f64fd575,0
07b92a15-2673-49ff-b235-f4d782a02a0d,0
696a7a6b-45f8-440c-a624-874df01b1b73,0
75495e14-b9f8-4c37-a561-044ab48df80e,0
232c01cc-deb8-40ca-b75a-b7ac101beda3,0
959adfab-866b-4c9b-acb3-b70a57e5b2d0,0
5c28e15b-ba36-425a-9681-6bd51bb539a0,0
652a4842-e27e-45b7-9f35-6bc527208965,0
8c47989e-72b7-4193-8d65-904cd5150ccc,0
9685745c-0023-4f9e-9121-7d8c9b0d70aa,0
9c45752b-ec3e-426a-a6c6-7203d26ea8c7,0
34c9d960-fb39-4274-ac6d-f9d2a6b3283e,0
bbb49534-2ad3-4368-8f6c-112fae423502,0
bab02428-d22f-4a43-b6f8-71acbcac94b1,0
1c3f2a69-43a3-433a-bc56-9a2bed4d37de,0
cb80dc0b-c667-463d-916f-caa7dfa95619,0
1287c254-66bf-4c82-b070-2488c3971bcf,0
58620fb4-9d77-4116-ad14-029cc610c1c4,0
c8f39cf0-cd82-47b4-9aa3-4ba0c8341f53,0
d6302f5a-99ae-42fc-a33b-b9a1abfb5522,0
03e7c2cc-f078-4286-9331-af51cb31703a,0
f9174b9c-1044-4349-a0f8-5d0ce977e005,0
a28d7558-661d-4697-b96e-f8eadde1a0ab,0
48abc199-80ee-41da-a95d-d2644671131f,0
d5f98fef-06ff-49fd-b394-fb22be1e721d,0
c5f074bc-371f-4c85-9a57-96bc0d710820,0
5fab3156-bf59-4d23-ba65-bc5cc0b72189,0
8e08e522-f01d-4d18-871f-61ac54af1f31,0
8061419c-db6e-4678-8884-ff8462589794,0
6b9bce3f-0928-42cc-a423-6e2940698198,0
1c7f08d3-0334-4bc4-b8e9-116a66573892,0
027ae8b0-4ce6-428e-a2ed-e9d19855bf51,0
f834186e-fcd9-4b02-9023-8dde28f128dd,0
b46596f0-f614-446f-a8dc-92e268170e77,0
131e35b1-b460-4800-a0a2-53c3039bd8cf,0
206e23ff-6ed5-4ecf-9f88-6488fb9324dc,0
f503837c-7472-48fc-8a60-f28807aa71d8,0
7da076e5-474c-420e-a244-62d0b88c1a53,0
60fdeb14-6078-40ed-98ec-e3b42986d911,0
10534042-b13e-4334-91f7-13a7b34c180d,0
b6f1a13c-2128-41d3-9640-1c3d1c0afe88,0
98bcefb3-7570-4130-9e60-362537a93d85,0
107f2e76-dc66-476f-8c37-ddb28312372b,0
3c74a763-a751-487b-ac9e-5d11e36008be,0
42ae7860-2b52-4e4a-998e-185a5ed8630d,0
cbe36116-74cd-4408-9ea5-df2e8d7b282d,0
9a091c59-aa69-4125-aa4d-afdadafc65ee,0
83af789a-4d83-4857-b5f0-a34b293ade9e,0
9cfdf1e0-e92a-4ecb-b950-06fbbc31dd22,0
a8803f5a-c4a3-4bef-9d22-2300ad4e60d2,0
eaab051b-38e1-4cca-9aec-2a8195f495de,0
9b449a98-738a-44ac-9490-123c4d4d24c1,0
078d6a00-eaca-4e40-af5a-9267393ecda0,0
44892615-8b8d-41af-85e1-2b710bcf3ca5,0
368284c6-7b54-434e-9cae-0bc2ea977280,0
e3562921-5aae-43d7-a598-2d3d644c181e,0
90cb3591-72db-4c71-ac5a-8b474a131601,0
19b6042d-edc2-4ef5-b00d-9a2ff58bdcc4,0
c6a80fc3-b241-4b1b-9cb6-a45ad02d6857,0
9a54290d-6107-4fcd-841a-f7f58606ed46,0
01b564fa-9446-4969-8485-3480ee6c08f7,0
075b2ce4-551f-400f-9bb3-183bc41115c9,0
be26490e-2a21-46e3-b88d-839de694a1da,0
72f6caa4-a133-4ac9-9c73-a97f205dbe18,0
4dd8fbda-4ae7-424f-ab07-41e518307ee6,0
16fd554b-45f3-4c0c-a4d9-e482b1c854e4,0
ce514ef9-0e6f-4162-ad03-dbf66b9f1b46,0
41dec3b9-f8aa-4d80-b633-bc97ddb70419,0
40e32dae-e047-4743-8db0-7c55837873f6,0
e8694b80-030e-4c04-a004-000ad821649b,0
64b323f2-9496-4510-b2ac-a5b4e7a9c27d,0
41b96b86-3776-4505-b3d0-c5bf6cf5b925,0
b206df21-b59c-420d-88f5-c5883c942c8b,0
39ee34c9-a25b-4193-8c92-b536a9073946,0
d54ed0e1-452f-4a0e-b0a5-d48c1807dab1,0
eae5e1af-8493-48bf-890d-450715d95bfc,0
d4c83ee9-96a9-4061-93e3-e087b047931c,0
45ecada9-1f53-41b5-a6a9-f4be332ff86f,0
e8ade13b-79e0-4669-8bf3-5c19853b7e5e,0
cc7e8bfc-696c-4c35-85be-b7e39726ed8f,0
43018a54-dd6d-409f-8d12-bfa373400e08,0
357cbaa2-eb2c-4931-95bf-e862ebee71c0,0
1d28131c-7a4e-43d9-81ab-409acc0cfb4d,0
7da774b6-a081-4855-952f-ddcad0f688c4,0
d5d6eb58-164e-4bd7-b66b-08808f50785c,0
2c394ef4-e11d-4bb7-991f-94119bdae0fd,0
1eda75cf-93e1-412d-8a6f-5855d0227876,0
c661da78-0f2f-4a88-8196-cc7c0e4bb53c,0
9b14bd3d-ba07-4b87-b840-40ef7b4d8e5f,0
f7d86c33-e5ab-4fbb-8839-15358355f354,0
7c0b0d43-4eca-43e9-8cd8-01c193a3181f,0
a7691d38-74cd-49e2-9297-8b72394d8269,0
2b9324c0-861b-465f-a7c5-d88064048dbc,0
c3096773-3570-48bf-a143-005a66debe85,0
d76bfa3b-0bae-4966-98e0-014a68d12d03,0
9efad985-9ec7-482e-8ba0-ee310db74d94,0
a1f20e41-959c-4a47-9aa1-0a345c526e4f,0
c1304ff8-8dac-4dd4-a63c-0f8982961557,0
bd48acc1-456a-471e-8a4c-db8e6ff29213,0
f7032039-8bcb-4386-91fc-f00b6362770c,0
e1bc34a2-5915-45b3-9e2a-114367b993f1,0
9876d815-9b36-4728-8070-11f5d217e098,0
7da1d7c6-bbe9-4b55-8bb5-d8fa253ffc49,0
e9c414dd-b69a-41b3-8b99-7cfc5fa1cdb3,0
5016e388-20a4-43b3-bdd4-2df041be5ad1,0
213e730f-16b7-43df-bc30-c9a1897b9c72,0
f9e7eda0-5b0c-4ba7-a505-c618f70368c2,0
1a41bf5d-1b83-410a-ac2d-31a50e452790,0
224f6f27-01d7-4d27-bad1-ac752a97f908,0
ce9d6d77-f9ab-435b-b949-555496fc45eb,0
b041b303-5128-4977-83ee-0b92edd769f0,0
c4bf139c-13d9-49f6-ac1f-540daa6954cf,0
f6f9aa8f-5b65-4fbe-a865-2911aedabfbc,0
43ad49ce-1952-4aca-8071-9524b53a0f57,0
758ce91a-7483-4b13-a20d-e0885472f2cf,0
078afc4b-89be-4a60-8606-fe67788f9386,0
2135e3e7-e930-4fb8-a08c-28954ea8e01e,0
5f98c0ea-e6cb-4334-9606-73e79408db3b,0
85d6bf41-87c2-4393-bb01-905e4c08f486,0
7ec22248-6833-4ab8-ad95-87ee9ea8ef6b,0
fcc05a8e-02b8-4af8-8d58-3aa384d3344a,0
ddd799c5-09f8-44e1-9502-cff288d370bc,0
f5b6d6ac-83a6-41b5-a108-9169531e4e38,0
e435eecc-454d-4f4f-a6ea-9625eab8b0c3,0
5f7890c2-1ce4-4730-8aad-0d912609b074,0
ddb681b3-7892-49e5-a0cf-764ba06c8928,0
1c7f4888-b7c9-40a5-b8a9-22db6facdf4b,0
685dc396-bda5-47a2-8272-f7a12a2d4fe6,0
b70040f8-e9b4-4a00-a958-48a76dc2ba43,0
6d8c11bb-9174-4dde-b0b0-ef319b849f71,0
cdba79ee-b17c-42dc-916a-5b8231eef075,0
9563bc6a-c15d-4470-8efd-f0947c39d7d8,0
e0611ae8-f1e7-4d94-a87b-ae2819b54489,0
87c0f4f8-0873-4806-891e-b748489f8698,0
4adc5f02-8982-469b-ba26-4b0ff2fc8397,0
dea18914-9551-4455-a6c1-fa62a0b6224b,0
cff32b50-b2fa-4f87-81ce-ac126f137542,0
2f948141-a8fa-4dfe-9625-d7cacb78b2c2,0
e68ec355-f94e-4acc-972f-1a9a7e272128,0
b9c501fd-42bc-4d62-bfc2-ea70bb1fe24d,0
f95e9513-ad5d-41c1-8b53-47ee88680f4e,0
2f777f5b-c873-4a97-ad99-6b26b56ac16b,0
72195ac8-1b91-4a6c-bea4-81979e88fb88,0
3cc2be1a-86c2-44d9-b550-16b6a5e53d62,0
0d804ee3-bcb2-47e5-9dbd-7399c42bd240,0
b8eb2b85-fa3f-4b95-ba3a-d82e9aec9415,0
e1852e51-6684-4942-bff2-20d9e542e5b3,0
bcf4f9cb-8fdf-4f96-81bc-9b22a846dff4,0
aff61dca-7adb-4ce1-9a4f-599f2d1d588b,0
27a675ca-312b-4175-969e-51ede48283fa,0
67063649-b686-4f5f-b0ac-6441f9d2ae47,0
4569ae9f-e1ad-43b2-8bbc-9249b305c3fc,0
415b4bd5-3890-4e30-ba0e-0bbacf665feb,0
d0af134a-5d4c-422b-991f-a09f901f7157,0
d957273f-bea8-44cb-b794-0a691ed24e99,0
28a3b069-a911-4b93-b9f8-585dc314d1fc,0
69b031a9-16d6-474f-ba92-6cf8ec89eb5d,0
22417ef8-cae4-47b9-94ea-d324e53bab80,0
f64aba44-4b93-4cb0-ad54-7dc3962bb133,0
da269463-80d2-4a10-b39e-29c77cd3bfff,0
7b4def81-584f-4d1d-b36f-8fa830185eaf,0
dceeb4c4-69bf-4cb6-82fd-2e017f6439e1,0
ce8ef13d-fde0-41f7-990b-35b28a623db2,0
7993fa06-0706-4c7c-9521-6d16cae26ff8,0
0c2b9d57-d3a3-4ea0-9c8f-d9a2025d6ca4,0
9c22165a-22c0-4de6-8c1e-bef10d12da86,0
a002d5a5-5462-4feb-bc69-e95bce5b72ef,0
07e5639a-0ccb-4500-8857-21afef0170a4,0
590d313a-3dfa-4fbf-9c06-d1d0cbdef744,0
0fb4dcd7-fac4-4bf3-829b-ae49faf16a22,0
c3a7b9a5-dabe-42b9-a0b0-b22d2ece34d1,0
c9756049-5717-423d-8ad4-4c8babc7b248,0
76167526-da2c-489e-a116-54c87af67ed7,0
3257cb00-4f19-4de2-8eac-84c8d9da4d02,0
af669887-b811-4450-82b9-a15fc2bc3c27,0
27d43171-1504-40e3-a711-0acd356ee922,0
df59217a-8619-430a-82cf-bc9363245839,0
d79ed3e8-1a21-4a6e-9882-19b00831e8f9,0
1b00552d-19f1-40c2-aa07-af187cb521b3,0
5f5a5bc0-a8f7-4c24-a3b9-29f747be8a3d,0
c54f8126-7e16-4870-8171-f5c29f387e68,0
6bfd3465-c015-4afd-93b9-3f3aef58b7bb,0
543a5d83-bf60-4493-b68e-548b6c898b06,0
a62a8722-697a-4188-887a-a93810757681,0
cd43ab50-fd84-4a94-8e22-8c5a11e1a81c,0
21969b7d-e224-4da1-be15-9924bb9f0a83,0
043cb08f-3392-44c9-9b1e-f9c766c87446,0
9e4cfbe0-6f4c-4d00-90ed-17b2af155a63,0
902ab58b-c561-45a5-8ec2-808a3122974e,0
c9a43fb9-194d-48f1-9afd-f22d6d636046,0
ab3f935b-3056-4a28-aa88-5823cfb0d30d,0
bd8f4a34-33aa-40ad-a390-eb6bc9f04475,0
ba5f136a-6c8e-4671-8d1a-5aeaf217bbc7,0
634af752-a1ae-424d-b14c-cb2950950cac,0
2efb787e-9806-4059-bca4-d78a001c12a5,0